country,cancelled_percentage,delivered_percentage
UK,10.3448275862068966,86.2068965517241379
Australia,9.6774193548387097,77.4193548387096774
Germany,0E-20,75.0000000000000000
Singapore,8.5714285714285714,77.1428571428571429
Canada,10.5263157894736842,63.1578947368421053
India,15.3846153846153846,51.2820512820512821
France,12.5000000000000000,62.5000000000000000
USA,5.2631578947368421,89.4736842105263158
